Methodo,Strategy,estimator,accvar10,accvar20,Base
Ada Boosting,10-fold,AD,0.7377197752401667,0.7379010331702012,Original
Ada Boosting,10-fold,k-NN,0.5628058727569332,0.5628058727569332,Original
Ada Boosting,10-fold,NB,0.7120717781402937,0.713431212615552,Original
Ada Boosting,10-fold,MLP,0.7577487765089723,0.7607395323545405,Original
Ada Boosting,90/10,AD,0.7454710144927537,0.7490942028985508,Original
Ada Boosting,90/10,k-NN,0.5706521739130435,0.5706521739130435,Original
Ada Boosting,90/10,NB,0.7309782608695652,0.7309782608695652,Original
Ada Boosting,90/10,MLP,0.7644927536231884,0.7581521739130435,Original
Ada Boosting,80/20,AD,0.7394653375623018,0.7331218849116448,Original
Ada Boosting,80/20,k-NN,0.5831445400996829,0.5831445400996829,Original
Ada Boosting,80/20,NB,0.7036701404621658,0.7036701404621658,Original
Ada Boosting,80/20,MLP,0.7489805165382872,0.7498867240598097,Original
Ada Boosting,70/30,AD,0.7417698580489278,0.7405617638175778,Original
Ada Boosting,70/30,k-NN,0.5756569012382966,0.5756569012382966,Original
Ada Boosting,70/30,NB,0.7009966777408638,0.7009966777408638,Original
Ada Boosting,70/30,MLP,0.7508305647840532,0.7544548474781033,Original
Bagging 1,10-fold,AD,0.6721044045676998,0.6802610114192496,Original
Bagging 1,10-fold,k-NN,0.6487221315932572,0.6787203190139568,Original
Bagging 1,10-fold,NB,0.6078484683704912,0.6340402392604676,Original
Bagging 1,10-fold,MLP,0.6819829617545767,0.6800797534892151,Original
Bagging 1,90/10,AD,0.6856884057971014,0.6847826086956522,Original
Bagging 1,90/10,k-NN,0.6938405797101449,0.677536231884058,Original
Bagging 1,90/10,NB,0.6023550724637681,0.6322463768115942,Original
Bagging 1,90/10,MLP,0.7038043478260869,0.6920289855072463,Original
Bagging 1,80/20,AD,0.6773901223380154,0.6778432260987767,Original
Bagging 1,80/20,k-NN,0.6266425011327594,0.6819211599456275,Original
Bagging 1,80/20,NB,0.6098776619845945,0.6479383778885365,Original
Bagging 1,80/20,MLP,0.663797009515179,0.6746714997734481,Original
Bagging 1,70/30,AD,0.6653578979160375,0.6732105104198127,Original
Bagging 1,70/30,k-NN,0.6442162488674117,0.6774388402295379,Original
Bagging 1,70/30,NB,0.6064633041377228,0.6369676834793114,Original
Bagging 1,70/30,MLP,0.6753246753246753,0.6698882512836001,Original
Bagging 0.3,10-fold,AD,0.7057277505890882,0.6951241616820736,Original
Bagging 0.3,10-fold,k-NN,0.6953960485771252,0.709352909189777,Original
Bagging 0.3,10-fold,NB,0.5909914808772884,0.5948885263730288,Original
Bagging 0.3,10-fold,MLP,0.6838861700199383,0.6911364872213159,Original
Bagging 0.3,90/10,AD,0.7164855072463768,0.6911231884057971,Original
Bagging 0.3,90/10,k-NN,0.6865942028985508,0.6992753623188406,Original
Bagging 0.3,90/10,NB,0.5833333333333334,0.5887681159420289,Original
Bagging 0.3,90/10,MLP,0.7028985507246377,0.6911231884057971,Original
Bagging 0.3,80/20,AD,0.6959673765292252,0.6946080652469415,Original
Bagging 0.3,80/20,k-NN,0.6964204802899864,0.7172632532850023,Original
Bagging 0.3,80/20,NB,0.5881286814680562,0.5976438604440417,Original
Bagging 0.3,80/20,MLP,0.6873584050747621,0.68282736746715,Original
Bagging 0.3,70/30,AD,0.6970703714889761,0.6970703714889761,Original
Bagging 0.3,70/30,k-NN,0.7003926306251888,0.7022047719722139,Original
Bagging 0.3,70/30,NB,0.5898520084566596,0.5974025974025974,Original
Bagging 0.3,70/30,MLP,0.6883116883116883,0.6880096647538508,Original
Bagging 0.5,10-fold,AD,0.7370853724850462,0.7578394054739894,Original
Bagging 0.5,10-fold,k-NN,0.748957766902302,0.7569331158238173,Original
Bagging 0.5,10-fold,NB,0.6015044408192858,0.6206271524379192,Original
Bagging 0.5,10-fold,MLP,0.7348196483596157,0.7346383904295812,Original
Bagging 0.5,90/10,AD,0.75,0.7644927536231884,Original
Bagging 0.5,90/10,k-NN,0.7192028985507246,0.7635869565217391,Original
Bagging 0.5,90/10,NB,0.5942028985507246,0.615036231884058,Original
Bagging 0.5,90/10,MLP,0.7364130434782609,0.7463768115942029,Original
Bagging 0.5,80/20,AD,0.737652922519257,0.7516991391028546,Original
Bagging 0.5,80/20,k-NN,0.7222473946533756,0.7349342999546896,Original
Bagging 0.5,80/20,NB,0.5985500679655641,0.6207521522428636,Original
Bagging 0.5,80/20,MLP,0.7236067059356592,0.7449025826914364,Original
Bagging 0.5,70/30,AD,0.7296889157354274,0.7520386590154032,Original
Bagging 0.5,70/30,k-NN,0.7469042585321655,0.7565690123829659,Original
Bagging 0.5,70/30,NB,0.6049531863485352,0.6251887647236485,Original
Bagging 0.5,70/30,MLP,0.7284808215040773,0.7408637873754153,Original
Bagging 0.8,10-fold,AD,0.7637302882001087,0.7751495377922784,Original
Bagging 0.8,10-fold,k-NN,0.7616458220047126,0.7641834330251949,Original
Bagging 0.8,10-fold,NB,0.6591444625702374,0.6682979880369766,Original
Bagging 0.8,10-fold,MLP,0.7583831792640928,0.7620083378647816,Original
Bagging 0.8,90/10,AD,0.7563405797101449,0.7735507246376812,Original
Bagging 0.8,90/10,k-NN,0.7771739130434783,0.7717391304347826,Original
Bagging 0.8,90/10,NB,0.6413043478260869,0.657608695652174,Original
Bagging 0.8,90/10,MLP,0.7735507246376812,0.7726449275362319,Original
Bagging 0.8,80/20,AD,0.7603081105573176,0.771635704576348,Original
Bagging 0.8,80/20,k-NN,0.7607612143180789,0.7580425917535115,Original
Bagging 0.8,80/20,NB,0.6628908019936566,0.6719528772088809,Original
Bagging 0.8,80/20,MLP,0.752605346624377,0.7530584503851382,Original
Bagging 0.8,70/30,AD,0.7514346118997282,0.7647236484445786,Original
Bagging 0.8,70/30,k-NN,0.7517366354575656,0.7517366354575656,Original
Bagging 0.8,70/30,NB,0.6629417094533374,0.6729084868619752,Original
Bagging 0.8,70/30,MLP,0.7520386590154032,0.7481123527635155,Original
Random Florest,10-fold,gini,0.7668116730106942,0.7756026826173645,Original
Random Florest,90/10,gini,0.7653985507246377,0.7771739130434783,Original
Random Florest,80/20,gini,0.7571363842319891,0.7748074309016765,Original
Random Florest,70/30,gini,0.7653276955602537,0.7689519782543038,Original
Random Florest,10-fold,entropy,0.7633677723400398,0.7769621170926229,Original
Random Florest,90/10,entropy,0.7635869565217391,0.7771739130434783,Original
Random Florest,80/20,entropy,0.7666515632079747,0.7775260534662438,Original
Random Florest,70/30,entropy,0.7598912715191785,0.7671398369072787,Original
Random Florest,10-fold,log_loss,0.7633677723400398,0.7769621170926229,Original
Random Florest,90/10,log_loss,0.7635869565217391,0.7771739130434783,Original
Random Florest,80/20,log_loss,0.7666515632079747,0.7775260534662438,Original
Random Florest,70/30,log_loss,0.7598912715191785,0.7671398369072787,Original
Staking,10-fold,10, 0.7406199021207178,,Original
Staking,90/10,10, 0.7653985507246377,,Original
Staking,80/20,10, 0.7476212052560036,,Original
Staking,70/30,10, 0.7514346118997282,,Original
Staking,10-fold,20, 0.7422512234910277,,Original
Staking,90/10,20, 0.7590579710144928,,Original
Staking,80/20,20, 0.7480743090167649,,Original
Staking,70/30,20, 0.7529447296889157,,Original
Staking,10-fold,6, 0.7395323545405111,,Original
Staking,90/10,6, 0.7771739130434783,,Original
Staking,80/20,6, 0.7770729497054826,,Original
Staking,70/30,6, 0.7783147085472667,,Original
Ada Boosting,10-fold,AD,0.7275693311582382,0.7301975711437375,
Ada Boosting,10-fold,k-NN,0.5841036795359797,0.5841036795359797,
Ada Boosting,10-fold,NB,0.7070871850643465,0.7109842305600871,
Ada Boosting,10-fold,MLP,0.7520391517128875,0.7534892151531629,
Ada Boosting,90/10,AD,0.7436594202898551,0.7445652173913043,
Ada Boosting,90/10,k-NN,0.595108695652174,0.595108695652174,
Ada Boosting,90/10,NB,0.6992753623188406,0.7019927536231884,
Ada Boosting,90/10,MLP,0.7626811594202898,0.7545289855072463,
Ada Boosting,80/20,AD,0.7263253285002266,0.7317625736293611,
Ada Boosting,80/20,k-NN,0.5908473040326234,0.5908473040326234,
Ada Boosting,80/20,NB,0.708201178069778,0.708201178069778,
Ada Boosting,80/20,MLP,0.7485274127775261,0.7471681014952424,
Ada Boosting,70/30,AD,0.7369374811235276,0.7399577167019028,
Ada Boosting,70/30,k-NN,0.5750528541226215,0.5750528541226215,
Ada Boosting,70/30,NB,0.7028088190878888,0.7028088190878888,
Ada Boosting,70/30,MLP,0.7490184234370281,0.7469042585321655,
Bagging 1,10-fold,AD,0.6972992568424868,0.7107123436650353,
Bagging 1,10-fold,k-NN,0.6633133949610295,0.720047127061809,
Bagging 1,10-fold,NB,0.6355809316657604,0.7030088816385717,
Bagging 1,10-fold,MLP,0.675095160413268,0.7185064346565162,
Bagging 1,90/10,AD,0.7101449275362319,0.7228260869565217,
Bagging 1,90/10,k-NN,0.6956521739130435,0.7364130434782609,
Bagging 1,90/10,NB,0.6277173913043478,0.7019927536231884,
Bagging 1,90/10,MLP,0.7192028985507246,0.7164855072463768,
Bagging 1,80/20,AD,0.6887177163570458,0.7181694608065247,
Bagging 1,80/20,k-NN,0.6633439057544177,0.7240598096964205,
Bagging 1,80/20,NB,0.6366107838695061,0.708201178069778,
Bagging 1,80/20,MLP,0.6814680561848664,0.7172632532850023,
Bagging 1,70/30,AD,0.6973723950468137,0.7091513138024766,
Bagging 1,70/30,k-NN,0.625490788281486,0.7182120205376019,
Bagging 1,70/30,NB,0.6454243430987617,0.7034128662035639,
Bagging 1,70/30,MLP,0.6647538508003624,0.7121715493808517,
Bagging 0.3,10-fold,AD,0.6972992568424868,0.7107123436650353,
Bagging 0.3,10-fold,k-NN,0.6633133949610295,0.720047127061809,
Bagging 0.3,10-fold,NB,0.6355809316657604,0.7030088816385717,
Bagging 0.3,10-fold,MLP,0.675095160413268,0.7185064346565162,
Bagging 0.3,90/10,AD,0.7101449275362319,0.7228260869565217,
Bagging 0.3,90/10,k-NN,0.6956521739130435,0.7364130434782609,
Bagging 0.3,90/10,NB,0.6277173913043478,0.7019927536231884,
Bagging 0.3,90/10,MLP,0.7192028985507246,0.7164855072463768,
Bagging 0.3,80/20,AD,0.6887177163570458,0.7181694608065247,
Bagging 0.3,80/20,k-NN,0.6633439057544177,0.7240598096964205,
Bagging 0.3,80/20,NB,0.6366107838695061,0.708201178069778,
Bagging 0.3,80/20,MLP,0.6814680561848664,0.7172632532850023,
Bagging 0.3,70/30,AD,0.6973723950468137,0.7091513138024766,
Bagging 0.3,70/30,k-NN,0.625490788281486,0.7182120205376019,
Bagging 0.3,70/30,NB,0.6454243430987617,0.7034128662035639,
Bagging 0.3,70/30,MLP,0.6647538508003624,0.7121715493808517,
Bagging 0.5,10-fold,AD,0.7462388979517853,0.7644553199202465,
Bagging 0.5,10-fold,k-NN,0.7468733007069059,0.7729744426318652,
Bagging 0.5,10-fold,NB,0.6963023382272975,0.6996556099329345,
Bagging 0.5,10-fold,MLP,0.751042233097698,0.7520391517128875,
Bagging 0.5,90/10,AD,0.7536231884057971,0.7690217391304348,
Bagging 0.5,90/10,k-NN,0.7626811594202898,0.7708333333333334,
Bagging 0.5,90/10,NB,0.6956521739130435,0.7001811594202898,
Bagging 0.5,90/10,MLP,0.7527173913043478,0.7590579710144928,
Bagging 0.5,80/20,AD,0.7412777526053467,0.7689170820117807,
Bagging 0.5,80/20,k-NN,0.7643860444041686,0.771635704576348,
Bagging 0.5,80/20,NB,0.7104666968735841,0.7095604893520616,
Bagging 0.5,80/20,MLP,0.7516991391028546,0.7521522428636158,
Bagging 0.5,70/30,AD,0.7387496224705528,0.760193295077016,
Bagging 0.5,70/30,k-NN,0.7366354575656902,0.7671398369072787,
Bagging 0.5,70/30,NB,0.7022047719722139,0.7040169133192389,
Bagging 0.5,70/30,MLP,0.7411658109332528,0.7490184234370281,
Bagging 0.8,10-fold,AD,0.7511328620627152,0.7705274605764002,
Bagging 0.8,10-fold,k-NN,0.7582925502990756,0.7699836867862969,
Bagging 0.8,10-fold,NB,0.6947616458220047,0.6995649809679174,
Bagging 0.8,10-fold,MLP,0.7533079572231285,0.754304875838318,
Bagging 0.8,90/10,AD,0.7436594202898551,0.769927536231884,
Bagging 0.8,90/10,k-NN,0.7282608695652174,0.7617753623188406,
Bagging 0.8,90/10,NB,0.7010869565217391,0.7028985507246377,
Bagging 0.8,90/10,MLP,0.7617753623188406,0.7644927536231884,
Bagging 0.8,80/20,AD,0.750339827820571,0.7657453556864522,
Bagging 0.8,80/20,k-NN,0.7607612143180789,0.7648391481649298,
Bagging 0.8,80/20,NB,0.708201178069778,0.7095604893520616,
Bagging 0.8,80/20,MLP,0.7485274127775261,0.7562301767104667,
Bagging 0.8,70/30,AD,0.7444880700694654,0.7644216248867411,
Bagging 0.8,70/30,k-NN,0.7571730594986409,0.7650256720024162,
Bagging 0.8,70/30,NB,0.7019027484143763,0.7040169133192389,
Bagging 0.8,70/30,MLP,0.7438840229537904,0.7493204469948656,
Random Florest,10-fold,gini,0.7534892151531629,0.7666304150806598,
Random Florest,90/10,gini,0.7391304347826086,0.7626811594202898,
Random Florest,80/20,gini,0.7426370638876303,0.7598550067965564,
Random Florest,70/30,gini,0.7487163998791906,0.7574750830564784,
Random Florest,10-fold,entropy,0.7560268261736451,0.7662678992205909,
Random Florest,90/10,entropy,0.759963768115942,0.7672101449275363,
Random Florest,80/20,entropy,0.7408246488445854,0.758948799275034,
Random Florest,70/30,entropy,0.7520386590154032,0.760193295077016,
Random Florest,10-fold,log_loss,0.7560268261736451,0.7662678992205909,
Random Florest,90/10,log_loss,0.759963768115942,0.7672101449275363,
Random Florest,80/20,log_loss,0.7408246488445854,0.758948799275034,
Random Florest,70/30,log_loss,0.7520386590154032,0.760193295077016,
Staking,10-fold,10, 0.747688961392061,,
Staking,90/10,10, 0.7644927536231884,,
Staking,80/20,10, 0.7516991391028546,,
Staking,70/30,10, 0.7568710359408034,,
Staking,10-fold,20, 0.749410911727388,,
Staking,90/10,20, 0.7626811594202898,,
Staking,80/20,20, 0.7507929315813321,,
Staking,70/30,20, 0.7574750830564784,,
Staking,10-fold,6, 0.7421605945260106,,
Staking,90/10,6, 0.7817028985507246,,
Staking,80/20,6, 0.7734481196193929,,
Staking,70/30,6, 0.770764119601329,,
Ada Boosting,10-fold,AD,0.7411499678180649,0.7416863334048487,
Ada Boosting,10-fold,k-NN,0.6193949796181077,0.6193949796181077,
Ada Boosting,10-fold,NB,0.7018880068654796,0.7053207466208968,
Ada Boosting,10-fold,MLP,0.7591718515340056,0.7602445827075734,
Ada Boosting,90/10,AD,0.707395498392283,0.7052518756698821,
Ada Boosting,90/10,k-NN,0.5980707395498392,0.5980707395498392,
Ada Boosting,90/10,NB,0.7020364415862809,0.7041800643086816,
Ada Boosting,90/10,MLP,0.759914255091104,0.7384780278670954,
Ada Boosting,80/20,AD,0.7281501340482573,0.7249329758713137,
Ada Boosting,80/20,k-NN,0.5941018766756032,0.5941018766756032,
Ada Boosting,80/20,NB,0.6991957104557641,0.6991957104557641,
Ada Boosting,80/20,MLP,0.7624664879356569,0.7522788203753351,
Ada Boosting,70/30,AD,0.7311405076868073,0.7311405076868073,
Ada Boosting,70/30,k-NN,0.6017161244190203,0.6017161244190203,
Ada Boosting,70/30,NB,0.694315337861995,0.6946728637826243,
Ada Boosting,70/30,MLP,0.7529495888451913,0.75831247765463,
Bagging 1,10-fold,AD,0.6472859901308732,0.6707788028320103,
Bagging 1,10-fold,k-NN,0.632053207466209,0.6604805835657583,
Bagging 1,10-fold,NB,0.6155331473932633,0.6534005578202102,
Bagging 1,10-fold,MLP,0.640742329972109,0.6759279124651363,
Bagging 1,90/10,AD,0.6334405144694534,0.6645230439442658,
Bagging 1,90/10,k-NN,0.6152197213290461,0.6334405144694534,
Bagging 1,90/10,NB,0.5927116827438371,0.6334405144694534,
Bagging 1,90/10,MLP,0.632368703108253,0.6688102893890675,
Bagging 1,80/20,AD,0.6369973190348526,0.657372654155496,
Bagging 1,80/20,k-NN,0.6262734584450402,0.67828418230563,
Bagging 1,80/20,NB,0.5994638069705094,0.6327077747989276,
Bagging 1,80/20,MLP,0.6375335120643432,0.6815013404825737,
Bagging 1,70/30,AD,0.6378262424025742,0.6485520200214515,
Bagging 1,70/30,k-NN,0.6296031462281015,0.6653557382910261,
Bagging 1,70/30,NB,0.5995709688952449,0.6274579907043261,
Bagging 1,70/30,MLP,0.6278155166249553,0.6603503754022166,
Bagging 0.3,10-fold,AD,0.6998498176357004,0.6937352499463634,
Bagging 0.3,10-fold,k-NN,0.6951298004720017,0.709826217549882,
Bagging 0.3,10-fold,NB,0.6214331688478867,0.6439605234928127,
Bagging 0.3,10-fold,MLP,0.675498819995709,0.6855824930272474,
Bagging 0.3,90/10,AD,0.6945337620578779,0.6677384780278671,
Bagging 0.3,90/10,k-NN,0.6956055734190782,0.6838156484458735,
Bagging 0.3,90/10,NB,0.602357984994641,0.62486602357985,
Bagging 0.3,90/10,MLP,0.6613076098606645,0.669882100750268,
Bagging 0.3,80/20,AD,0.7002680965147453,0.671313672922252,
Bagging 0.3,80/20,k-NN,0.6702412868632708,0.682573726541555,
Bagging 0.3,80/20,NB,0.6080428954423592,0.6332439678284182,
Bagging 0.3,80/20,MLP,0.6579088471849865,0.6729222520107239,
Bagging 0.3,70/30,AD,0.688594923131927,0.6700035752592063,
Bagging 0.3,70/30,k-NN,0.6810868787987129,0.6989631748301752,
Bagging 0.3,70/30,NB,0.6052913836253129,0.6285305684662138,
Bagging 0.3,70/30,MLP,0.653557382910261,0.6689309974973185,
Bagging 0.5,10-fold,AD,0.7351426732460845,0.7514481870843167,
Bagging 0.5,10-fold,k-NN,0.7449045269255525,0.7495172709718945,
Bagging 0.5,10-fold,NB,0.6718515340055782,0.6807552027461918,
Bagging 0.5,10-fold,MLP,0.7392190517056425,0.7453336193949796,
Bagging 0.5,90/10,AD,0.7159699892818864,0.7309753483386924,
Bagging 0.5,90/10,k-NN,0.7470525187566989,0.7427652733118971,
Bagging 0.5,90/10,NB,0.6538049303322615,0.6806002143622722,
Bagging 0.5,90/10,MLP,0.7234726688102894,0.7427652733118971,
Bagging 0.5,80/20,AD,0.7361930294906166,0.7506702412868632,
Bagging 0.5,80/20,k-NN,0.7474530831099195,0.7479892761394102,
Bagging 0.5,80/20,NB,0.6638069705093834,0.6750670241286864,
Bagging 0.5,80/20,MLP,0.7351206434316354,0.7485254691689008,
Bagging 0.5,70/30,AD,0.7250625670361102,0.7472291741151234,
Bagging 0.5,70/30,k-NN,0.7357883446549874,0.7429388630675724,
Bagging 0.5,70/30,NB,0.657847693957812,0.6714336789417232,
Bagging 0.5,70/30,MLP,0.7207722559885592,0.7064712191633894,
Bagging 0.8,10-fold,AD,0.7626045912894228,0.7731173567903883,
Bagging 0.8,10-fold,k-NN,0.7632482299935637,0.763570049345634,
Bagging 0.8,10-fold,NB,0.6900879639562325,0.6900879639562325,
Bagging 0.8,10-fold,MLP,0.7627118644067796,0.7646427805192019,
Bagging 0.8,90/10,AD,0.7395498392282959,0.7534833869239014,
Bagging 0.8,90/10,k-NN,0.7566988210075026,0.759914255091104,
Bagging 0.8,90/10,NB,0.6784565916398714,0.6806002143622722,
Bagging 0.8,90/10,MLP,0.7534833869239014,0.7502679528403001,
Bagging 0.8,80/20,AD,0.7469168900804289,0.7587131367292225,
Bagging 0.8,80/20,k-NN,0.7592493297587132,0.7587131367292225,
Bagging 0.8,80/20,NB,0.685254691689008,0.6847184986595174,
Bagging 0.8,80/20,MLP,0.7571045576407507,0.7571045576407507,
Bagging 0.8,70/30,AD,0.7550947443689667,0.7654629960672149,
Bagging 0.8,70/30,k-NN,0.7601001072577762,0.7575974258133714,
Bagging 0.8,70/30,NB,0.6818019306399714,0.6807293528780837,
Bagging 0.8,70/30,MLP,0.752592062924562,0.7511619592420451,
Random Florest,10-fold,gini,0.7646427805192019,0.7784810126582279,
Random Florest,90/10,gini,0.7513397642015005,0.7502679528403001,
Random Florest,80/20,gini,0.7522788203753351,0.7624664879356569,
Random Florest,70/30,gini,0.7536646406864498,0.7604576331784054,
Random Florest,10-fold,entropy,0.763570049345634,0.7777301008367303,
Random Florest,90/10,entropy,0.7513397642015005,0.7513397642015005,
Random Florest,80/20,entropy,0.7571045576407507,0.760857908847185,
Random Florest,70/30,entropy,0.7518770110833035,0.7643904183053272,
Random Florest,10-fold,log_loss,0.763570049345634,0.7777301008367303,
Random Florest,90/10,log_loss,0.7513397642015005,0.7513397642015005,
Random Florest,80/20,log_loss,0.7571045576407507,0.760857908847185,
Random Florest,70/30,log_loss,0.7518770110833035,0.7643904183053272,
Staking,10-fold,10, 0.7534863763140957,,
Staking,90/10,10, 0.7534833869239014,,
Staking,80/20,10, 0.7683646112600536,,
Staking,70/30,10, 0.7529495888451913,,
Staking,10-fold,20, 0.7555245655438747,,
Staking,90/10,20, 0.7545551982851019,,
Staking,80/20,20, 0.767828418230563,,
Staking,70/30,20, 0.755452270289596,,
Staking,10-fold,6, 0.7528427376099549,,
Staking,90/10,6, 0.7652733118971061,,
Staking,80/20,6, 0.7764075067024129,,
Staking,70/30,6, 0.7672506256703611,,
Ada Boosting,10-fold,AD,0.7040964292187784,0.7070871850643465,
Ada Boosting,10-fold,k-NN,0.5215696936740982,0.5215696936740982,
Ada Boosting,10-fold,NB,0.6481783578031539,0.6496284212434293,
Ada Boosting,10-fold,MLP,0.7091716512597426,0.7059090085191226,
Ada Boosting,90/10,AD,0.6983695652173914,0.7119565217391305,
Ada Boosting,90/10,k-NN,0.5289855072463768,0.5289855072463768,
Ada Boosting,90/10,NB,0.6403985507246377,0.6403985507246377,
Ada Boosting,90/10,MLP,0.7119565217391305,0.7219202898550725,
Ada Boosting,80/20,AD,0.701857725419121,0.7072949705482555,
Ada Boosting,80/20,k-NN,0.539193475305845,0.539193475305845,
Ada Boosting,80/20,NB,0.6502038966923426,0.6502038966923426,
Ada Boosting,80/20,MLP,0.7159039420027187,0.708201178069778,
Ada Boosting,70/30,AD,0.6988825128360012,0.7031108426457263,
Ada Boosting,70/30,k-NN,0.5351857444880701,0.5351857444880701,
Ada Boosting,70/30,NB,0.6490486257928119,0.6457263666565992,
Ada Boosting,70/30,MLP,0.7121715493808517,0.7124735729386892,
Bagging 1,10-fold,AD,0.5948885263730288,0.6095704187058184,
Bagging 1,10-fold,k-NN,0.6184520572775059,0.6298713068696755,
Bagging 1,10-fold,NB,0.6153706724669205,0.6100235635309045,
Bagging 1,10-fold,MLP,0.6431031357621896,0.6456407467826717,
Bagging 1,90/10,AD,0.615036231884058,0.6367753623188406,
Bagging 1,90/10,k-NN,0.6376811594202898,0.6711956521739131,
Bagging 1,90/10,NB,0.605072463768116,0.615036231884058,
Bagging 1,90/10,MLP,0.6322463768115942,0.6476449275362319,
Bagging 1,80/20,AD,0.5917535115541459,0.6085183507023109,
Bagging 1,80/20,k-NN,0.600362483008609,0.6329859537834164,
Bagging 1,80/20,NB,0.6157680108744903,0.6076121431807884,
Bagging 1,80/20,MLP,0.638423198912551,0.6479383778885365,
Bagging 1,70/30,AD,0.5868317728782845,0.6022349743279976,
Bagging 1,70/30,k-NN,0.6070673512533977,0.6357595892479614,
Bagging 1,70/30,NB,0.614315916641498,0.6128057988523105,
Bagging 1,70/30,MLP,0.655693144065237,0.6472364844457867,
Bagging 0.3,10-fold,AD,0.5948885263730288,0.6095704187058184,
Bagging 0.3,10-fold,k-NN,0.6184520572775059,0.6298713068696755,
Bagging 0.3,10-fold,NB,0.6153706724669205,0.6100235635309045,
Bagging 0.3,10-fold,MLP,0.6431031357621896,0.6456407467826717,
Bagging 0.3,90/10,AD,0.615036231884058,0.6367753623188406,
Bagging 0.3,90/10,k-NN,0.6376811594202898,0.6711956521739131,
Bagging 0.3,90/10,NB,0.605072463768116,0.615036231884058,
Bagging 0.3,90/10,MLP,0.6322463768115942,0.6476449275362319,
Bagging 0.3,80/20,AD,0.5917535115541459,0.6085183507023109,
Bagging 0.3,80/20,k-NN,0.600362483008609,0.6329859537834164,
Bagging 0.3,80/20,NB,0.6157680108744903,0.6076121431807884,
Bagging 0.3,80/20,MLP,0.638423198912551,0.6479383778885365,
Bagging 0.3,70/30,AD,0.5868317728782845,0.6022349743279976,
Bagging 0.3,70/30,k-NN,0.6070673512533977,0.6357595892479614,
Bagging 0.3,70/30,NB,0.614315916641498,0.6128057988523105,
Bagging 0.3,70/30,MLP,0.655693144065237,0.6472364844457867,
Bagging 0.5,10-fold,AD,0.6407467826717419,0.679173463839043,
Bagging 0.5,10-fold,k-NN,0.6766358528185608,0.6911364872213159,
Bagging 0.5,10-fold,NB,0.6136487221315933,0.6116548849012144,
Bagging 0.5,10-fold,MLP,0.6709262280224759,0.6714700018125793,
Bagging 0.5,90/10,AD,0.657608695652174,0.6884057971014492,
Bagging 0.5,90/10,k-NN,0.6875,0.7010869565217391,
Bagging 0.5,90/10,NB,0.6068840579710145,0.6168478260869565,
Bagging 0.5,90/10,MLP,0.6947463768115942,0.6739130434782609,
Bagging 0.5,80/20,AD,0.6488445854100588,0.6733121884911645,
Bagging 0.5,80/20,k-NN,0.6696873584050748,0.6923425464431355,
Bagging 0.5,80/20,NB,0.6098776619845945,0.6121431807884006,
Bagging 0.5,80/20,MLP,0.6782963298595378,0.6733121884911645,
Bagging 0.5,70/30,AD,0.6520688613711869,0.6753246753246753,
Bagging 0.5,70/30,k-NN,0.6795530051344005,0.693446088794926,
Bagging 0.5,70/30,NB,0.614315916641498,0.6140138930836605,
Bagging 0.5,70/30,MLP,0.66868015705225,0.6720024161884627,
Bagging 0.8,10-fold,AD,0.694489758926953,0.7236722856624977,
Bagging 0.8,10-fold,k-NN,0.7164219684611202,0.7267536704730833,
Bagging 0.8,10-fold,NB,0.6017763277143375,0.6071234366503535,
Bagging 0.8,10-fold,MLP,0.7069059271343121,0.7116186333152075,
Bagging 0.8,90/10,AD,0.7083333333333334,0.7192028985507246,
Bagging 0.8,90/10,k-NN,0.7273550724637681,0.7246376811594203,
Bagging 0.8,90/10,NB,0.605072463768116,0.615036231884058,
Bagging 0.8,90/10,MLP,0.7309782608695652,0.7219202898550725,
Bagging 0.8,80/20,AD,0.6864521975532397,0.716810149524241,
Bagging 0.8,80/20,k-NN,0.7118260081558677,0.7172632532850023,
Bagging 0.8,80/20,NB,0.6030811055731763,0.6080652469415496,
Bagging 0.8,80/20,MLP,0.716810149524241,0.7181694608065247,
Bagging 0.8,70/30,AD,0.6913319238900634,0.7197221383267894,
Bagging 0.8,70/30,k-NN,0.7139836907278768,0.7197221383267894,
Bagging 0.8,70/30,NB,0.6043491392328602,0.6109936575052854,
Bagging 0.8,70/30,MLP,0.7012987012987013,0.7139836907278768,
Random Florest,10-fold,gini,0.7108936015950698,0.7268442994381004,
Random Florest,90/10,gini,0.7137681159420289,0.730072463768116,
Random Florest,80/20,gini,0.7059356592659719,0.7195287720888084,
Random Florest,70/30,gini,0.7000906070673513,0.7170039263062519,
Random Florest,10-fold,entropy,0.7052746057640022,0.7269349284031177,
Random Florest,90/10,entropy,0.7028985507246377,0.7291666666666666,
Random Florest,80/20,entropy,0.7027639329406434,0.7222473946533756,
Random Florest,70/30,entropy,0.6961643008154637,0.721836303231652,
Random Florest,10-fold,log_loss,0.7052746057640022,0.7269349284031177,
Random Florest,90/10,log_loss,0.7028985507246377,0.7291666666666666,
Random Florest,80/20,log_loss,0.7027639329406434,0.7222473946533756,
Random Florest,70/30,log_loss,0.6961643008154637,0.721836303231652,
Staking,10-fold,10, 0.7033713974986406,,
Staking,90/10,10, 0.7364130434782609,,
Staking,80/20,10, 0.7331218849116448,,
Staking,70/30,10, 0.7254605859257022,,
Staking,10-fold,20, 0.7024651078484684,,
Staking,90/10,20, 0.7065217391304348,,
Staking,80/20,20, 0.7331218849116448,,
Staking,70/30,20, 0.7254605859257022,,
Staking,10-fold,6, 0.6922240348015225,,
Staking,90/10,6, 0.7409420289855072,,
Staking,80/20,6, 0.7313094698685999,,
Staking,70/30,6, 0.7299909392932649,,
